Kraj	Zarobki
A	3856.42021134752
A	5530.65185387586
A	4107.64285130008
A	4808.83638052217
A	3695.27736491089
A	3801.75201783862
A	5912.32418303449
A	5903.53085020473
A	4083.92189533836
A	4537.5253840943
A	4459.96445785509
A	3900.70797617526
A	4308.06505913826
A	5519.05260900047
A	5702.43859108195
A	4152.14959717731
A	4983.473749738
A	4389.34130847642
A	4451.07388288837
A	5164.57252973421
A	6333.40216981287
A	3836.66174165452
A	4869.63044768681
A	4226.27769972091
A	5583.72448708707
A	5473.8870450776
A	3937.46811211343
A	4437.6287425581
A	5173.51669975216
A	3754.30201215488
A	4079.92900425343
A	5539.12319316004
A	5303.02481002775
A	4168.67388783537
A	4663.59068660772
A	3914.77903861217
A	5585.52850182027
A	4811.24165369105
A	4829.80551478975
A	5384.91876539761
A	4365.70130445465
A	4817.68338786832
A	5263.03060403004
A	4082.06370335581
A	5084.16266704751
A	5173.66027673507
A	5067.28970125614
A	5630.36570491411
A	4603.00212356631
A	4302.72350728514
A	4968.14078624519
A	4515.54102567281
A	4297.42596031172
A	4530.63547286657
A	6670.55773547644
A	5893.9454359963
A	3696.38966507994
A	4977.70438928778
A	4740.45795928685
A	4582.8606047739
A	3889.9982368296
A	6074.58930793239
A	5082.92012842159
A	6002.35110072837
A	3946.02626994929
A	4753.2957143273
A	5962.69100950228
A	3442.73471251759
A	3773.22732173458
A	4887.85169797098
A	4746.87021852338
A	5278.22655309749
A	5422.8595768724
A	5571.01448996457
A	3295.80003238917
A	5465.96217659285
A	4513.64386881926
A	5053.08460636429
A	4321.67894587696
A	5468.55604524118
A	3954.57980586284
A	4285.82464356189
A	4920.4759077992
A	4143.2483461586
A	5484.15367938486
A	4200.12662221856
A	4040.02153628128
A	3636.04952837422
A	4895.49518529091
A	3069.24644576459
A	6071.63979086351
A	4416.87756463642
A	5802.10692122054
A	5479.88805056983
A	5757.63706437258
A	5502.6124712187
A	3590.62691400175
A	5497.43127484551
A	4668.95163734058
A	5005.00418590305
A	4591.512526813
A	4712.85013169187
A	5262.83813051067
A	5155.16864023933
A	3308.23029111505
A	5400.30748700841
A	4914.78165855713
A	5089.08472450309
A	4804.29109523372
A	4961.92932170825
A	5449.84242950982
A	4946.82186565136
A	4532.31291794435
A	5434.16856090547
A	5675.77435339338
A	4799.87019714353
A	5767.79810447181
A	3762.78938197748
A	4683.86888498229
A	4276.19573673362
A	4560.59139180784
A	4605.08254300002
A	4330.2457157574
A	4596.01750336138
A	5301.44717893114
A	4731.25508780715
A	5625.89015472108
A	4447.75654429617
A	4506.75750213026
A	5141.27575078718
A	4827.78581056157
A	3739.26516197113
A	4933.6112629041
A	5059.40659808257
A	5988.51461305095
A	4945.51041042485
A	4668.23751842498
A	6465.74008720776
A	4895.72803988727
A	4757.59461662108
A	5160.77729410233
A	3699.47129601324
A	4201.92980757041
A	5277.82348577608
A	5350.87000543827
A	4093.59651269242
A	5098.33547018776
A	6266.13478208335
A	4268.77527592136
A	4912.81779644432
A	5102.37287124224
A	4983.13764669386
A	5789.92598211502
A	4261.1530471889
A	5450.18161667088
A	4535.24344157868
A	5726.9090751232
A	4657.65055455888
A	4292.13040501217
A	4207.54390347555
A	4148.37830655537
A	6169.53981155603
A	6639.22976769369
A	4287.81890340117
A	2581.4403444999
A	5171.98879224826
A	5019.27288949459
A	5655.30837138059
A	4307.83233807959
A	4534.71120850927
A	5129.91040256389
A	4900.33984984848
A	4036.24913323442
A	4147.59288102164
A	4587.19813468496
A	4930.36278256896
A	4715.83280414995
A	4234.16143747048
A	4400.71890201865
A	4506.80494169866
A	5192.33944107742
A	5841.29121572138
A	4677.29836840369
A	6420.73592187366
A	4078.98607054968
A	4840.85426389808
A	3921.20783719712
A	5188.83841377219
A	3532.04878917142
A	6372.28203718491
A	4775.04546757867
A	4670.9980830255
A	5032.81615548303
A	5383.92830469847
A	3470.40226913592
A	5283.65406650054
A	3939.33354877918
A	5068.40940670257
A	5452.79548260978
A	5192.07549255619
A	4485.86091952522
A	5452.71051602905
A	4049.63759237427
A	4746.01122381457
A	5243.16788589319
A	4721.17941059228
A	4501.94577438263
A	5701.50046288329
A	5497.59334038251
A	4811.94015106727
A	4781.22934771012
A	5434.99146255245
A	4432.73707156153
A	3492.12351673942
A	4582.57900143877
A	3095.15001739177
A	5193.82401126841
A	5169.26989643942
A	6030.47866270169
A	5143.6387194361
A	4519.76075758857
A	5302.77372163937
A	5275.57269777707
A	4834.038392973
A	5434.07545598988
A	5711.97847858139
A	4978.14983615535
A	5971.28459277448
A	4782.21755282965
A	4334.17731363072
A	6133.91973001988
A	4247.43179895641
A	5508.89527253801
A	5449.3982057946
A	4731.34068944167
A	3619.21009094595
A	5277.96994697505
A	3489.22772190334
A	4848.58594760922
A	5025.07888228551
A	3531.40909911441
A	5011.9787250215
A	5312.04898023867
A	4741.1368448993
A	4424.27595970445
A	4230.02792764857
A	5102.39510707765
A	4555.18176697426
A	6265.79830339297
A	4061.91105559608
A	5480.1980866338
A	3344.97834667762
A	3939.31132174732
A	5896.22911109899
A	5580.45026249871
A	4043.7240111322
A	5649.61930358246
A	5997.37938915665
A	6201.15990864048
A	4705.39411950417
A	3457.72574605475
A	5197.62561421845
A	4141.01971369287
A	4007.63770944459
A	5309.91888895441
A	5261.70195564271
A	4406.57175484045
A	4290.67411151152
A	4899.36876505285
A	4844.59177814243
A	4130.23475956712
A	5085.81348301601
A	4543.70466795113
A	4930.89040120045
A	4317.06200210984
A	5580.65631717415
A	3909.42674115622
A	5435.87658593684
A	5545.81057536837
A	5544.44069365137
A	5257.65111447924
A	4035.88190757239
A	3982.82864955837
A	5243.59207855015
A	4392.90118461616
A	4642.07289267069
A	5483.3720142272
A	4969.61861531655
A	5329.63346677714
A	4467.28854171243
A	4406.61072193162
A	6688.59707322885
A	6222.10730748432
A	4610.78333507747
A	4931.12346915034
A	2787.64378228204
A	3415.2662226902
A	5264.10961798155
A	4642.88248579535
A	6199.08018426898
A	5016.70723575986
A	4672.50513882239
A	4361.58360315236
A	5356.63376874013
A	5074.66604953819
A	5379.07024271695
A	4369.52545880756
A	5643.67536048942
A	5188.63401837498
A	5333.87201713978
A	5417.50794464464
A	3686.61007905162
A	5263.61167792067
A	5216.94661949002
A	3847.24368473937
A	5477.45785452142
A	6094.25327626355
A	3904.75595783812
A	4122.06930130934
A	3510.57076993916
A	4349.10902545505
A	3699.08860503243
A	4144.45417097278
A	4539.60087871303
A	5967.23598508001
A	5352.37322917952
A	5994.14878733714
A	4080.20333405171
A	5544.35844699437
A	4603.60479623491
A	5029.46133007407
A	5834.50174129718
A	5176.90500698479
A	5812.3882388139
A	4568.20493091707
A	4074.3404410514
A	2971.64399196507
A	4694.70652837837
A	5177.97569971947
A	4643.54556966751
A	4691.38235486657
A	4637.03175056583
A	5592.15384352393
A	5249.57893066283
A	4050.09929043226
A	4466.77281940874
A	4457.20364636086
A	5095.58558534769
A	6750.1970849623
A	5525.1590987405
A	5803.46500555042
A	4303.1886457786
A	5473.75295309458
A	4607.47173958322
A	5402.06605347728
A	5461.16737896273
A	4734.94009636499
A	5018.68327398254
A	5508.79588428169
A	4520.01800598506
A	5252.60969869927
A	4665.4415668028
A	5488.3545877303
A	5389.01151759693
A	5217.3413643005
A	4620.99239491195
A	5451.08676989581
A	5185.87672529988
A	5745.95617104347
A	4206.37302573312
A	3996.38986329997
A	4353.27226428952
A	5517.68136023674
A	4377.27070212315
A	3635.08868829121
A	4578.04872660361
A	5952.98947833343
A	4424.30270076748
A	5365.77313208933
A	4265.46264982036
A	3468.37429711773
A	5092.45281781598
A	4560.68076490148
A	5172.81629934784
A	3374.77297017691
A	3448.27117166044
A	4818.55871532102
A	5745.30727136417
A	5015.7760948827
A	6239.71384597124
A	6243.59189970242
A	3665.85926605283
A	3579.99586764917
A	4725.72445847569
A	6104.07063874129
A	5933.70238379776
A	4808.3019106789
A	4363.72951667625
A	3147.02743768725
A	5160.78298623011
A	5212.09820848165
A	5586.23185007192
A	5339.65144599018
A	4869.13690240343
A	4789.35546471532
A	5567.60148637632
A	3447.07497756447
A	5561.09674102439
A	6781.82840114683
A	4716.44818228971
A	5764.8118992258
A	5768.00517148992
A	3268.5732123035
A	4282.07419275629
A	5876.80532763849
A	4702.78329242851
A	5299.6730429086
A	4308.86038515475
A	5893.45166178624
A	4639.4350078269
A	5377.85344481357
A	4421.0678732854
A	2857.97824134108
A	3073.87427223995
A	4126.01457826439
A	5063.62635094562
A	4805.64277589787
A	4922.00097870613
A	4386.98080712785
A	3953.76981251556
A	5387.88180742019
A	3705.87593841162
A	4238.51200931877
A	4549.95836404191
A	5913.11388696577
A	6682.86340855918
A	5382.08430018387
A	4592.14280313041
A	4030.14942351534
A	5152.15052423922
A	4379.44115949389
A	5273.53413933967
A	3763.94448011116
A	5180.10077112259
A	3468.36967372044
A	4585.13092032491
A	4081.38481683443
A	4903.07750469818
A	4637.3515834698
A	5687.03940119525
A	4383.66559593725
A	5172.94034795041
A	3946.40849273278
A	5911.57860502548
A	4643.62540096585
A	4699.18233358895
A	4714.88462263113
A	6129.4826809656
A	6221.92727600853
A	5101.69331010124
A	5000.47693811537
A	5686.5194159738
A	5034.86382424802
A	3475.12723721455
A	4208.18208211343
A	5544.55363106512
A	5396.7643269914
A	4140.58148729345
A	4102.84170955002
A	4871.07883620635
A	4214.50102554994
A	5322.93746710234
A	3904.06719948848
A	5933.78286495299
A	4053.38999866952
A	4659.95828095326
A	3460.03376130526
A	4170.47842564907
A	4213.83576084095
A	4933.0888928026
A	4329.01394828951
A	4239.44053993933
A	3582.06209940351
A	5119.89332627333
A	4859.10035735079
A	5190.80168764989
A	4104.64865913952
A	3861.02727098548
A	3730.54849262611
A	4873.7301798173
A	5034.16232660847
A	5321.09716168517
A	6029.13238469399
A	4860.86324782844
A	4737.23475575485
A	5590.81463664182
A	5629.45100650519
A	4671.55679542706
A	4825.72988669068
A	6196.38943065834
A	5005.75866246287
A	5079.48482447969
A	4128.71734659287
A	4298.11783317366
A	3546.58795490109
A	5923.29240964465
A	4017.82000476665
A	4557.67809589524
A	4413.68818798134
A	6335.94283394035
A	5621.40699141918
A	5072.62436988951
A	4894.76707841362
A	5293.17064092621
A	4574.83754744837
A	4934.389167536
A	4319.98312443078
A	4254.47275803427
A	6086.07300854691
A	5812.51007454124
A	5017.2980932641
A	5421.65662720477
A	4607.71198087518
A	5118.39341035923
A	5405.90130081802
A	4410.08303293512
A	4520.63575065443
A	4440.18536960159
A	6933.76894042659
A	4504.6565552934
A	4392.46683794745
A	5065.74167925939
A	6002.98466861743
A	4886.02185154329
A	5147.67343595353
A	3737.89089142746
A	4760.06862923075
A	4454.1029728712
A	5493.50423106256
A	4982.94179917154
A	4053.48862993269
A	5042.92992758407
A	4365.30797764206
A	4422.78417702398
A	4708.36421776346
A	5505.14591220667
A	5655.78420000489
A	4495.97090773873
A	3281.89433029565
A	3641.88819443946
A	3525.94869715596
A	5615.26195269074
A	4652.00864726958
A	4237.66485341236
A	5053.23091458066
A	4610.73853515908
A	4376.21347409021
A	5197.46026984899
A	5794.15319358533
A	4008.35229490613
A	3578.69700243207
A	5617.57219485388
A	6153.72897046514
A	3476.82246827898
A	5595.33787365005
A	5269.06971598562
A	5705.47760187519
A	5687.09578679414
A	4834.84971471809
A	3653.78589106392
A	4777.46781749799
A	4982.54565335836
A	3984.26838858093
A	4696.93785091151
A	6233.87847707541
A	5589.78429961397
A	3950.60184506627
A	4023.23256912548
A	4611.87655846609
A	4892.16830042091
A	4559.4689882612
A	4739.53112299826
A	4045.51508250683
A	6491.59649919351
A	5169.96214623428
A	4086.49718901901
A	4376.91929930321
A	5163.33674137271
A	6092.92763407813
A	4178.25107677926
A	5596.89131722852
A	5784.83236621053
A	5260.84676493327
A	4004.09521668084
A	3851.74379172182
A	4332.82688234468
A	6163.10871014085
A	5478.64955170565
A	4866.30414337992
A	3823.80053102572
A	6154.04736155033
A	4753.59892302299
A	3518.37801556972
A	5010.12282076182
A	4803.01496898041
A	4631.90830168941
A	5762.87755578299
A	6914.36241033232
A	3973.43864173211
A	3933.11102527927
A	6844.10948282878
A	5404.35864759552
A	5550.40506290404
A	4219.61921134878
A	4516.83737963352
A	2659.36939972076
A	4878.96187859683
A	5003.81366207756
A	4193.35437024985
A	5572.10344326195
A	5523.14700232202
A	4540.99985007693
A	5942.6579292861
A	6310.4113783626
A	3572.98665276211
A	5284.95627791019
A	4864.82331070793
A	5021.50996827416
A	4381.00045596371
A	5320.6655451968
A	4768.07662887024
A	4768.48831973386
A	4905.18253651538
A	5008.44631084172
A	4228.29849082404
A	4010.29520903494
A	3997.25016601938
A	5256.97169087065
A	4286.84522360973
A	4038.12201691317
A	4721.46004271167
A	4900.17684981393
A	4617.87142643372
A	5407.69685167509
A	5719.73468977597
A	5203.12446127664
A	4855.3029884485
A	3740.82879611992
A	4002.07885063926
A	5263.98421871914
A	4783.72129704571
A	5821.65312576452
A	4067.94191076946
A	5199.22743853352
A	4232.25140899856
A	4522.06611341443
A	5296.23448618677
A	3706.39458450795
A	3595.38910958106
A	5389.24140026885
A	5411.80159061063
A	5214.50095707013
A	3860.44011002731
A	3199.69160480009
A	5377.38615296819
A	5194.24643638228
A	5767.7657631647
A	3565.02811803502
A	5300.92317739762
A	4757.26612278978
A	4067.23876127974
A	4414.97508774198
A	3794.2505150427
A	3615.98512789484
A	4640.21375033628
A	4082.10856763036
A	4862.48794538393
A	3552.09847452476
A	4649.36813946998
A	6164.58480183393
A	4596.90745376293
A	5654.78970250948
A	5156.20589049766
A	4760.20523231414
A	4928.46101821637
A	6787.29321742465
A	5274.41836256534
A	5621.58812663382
A	5004.92392060775
A	3851.96695847487
A	2821.66590217436
A	4222.17255968724
A	4216.68309720946
A	4468.3916718714
A	5300.54192564005
A	4395.03923406096
A	5934.54283642916
A	4706.68769264767
A	4954.22610475758
A	5246.12548856833
A	3198.75229678446
A	4697.85826183049
A	4699.09408532955
A	4576.92928354005
A	3854.81193270991
A	3335.1253777376
A	4957.26455661064
A	3931.12697603159
A	3844.00139948958
A	5334.26332815274
A	4674.23133724113
A	5018.95038930749
A	5620.75835015681
A	4762.63455543534
A	4861.37081309471
A	4382.04694902532
A	3976.45697347224
A	5192.10062722893
A	6074.87663110642
A	5657.44956605102
A	4943.86946537701
A	5497.71056699835
A	4984.87880803546
A	4395.02018649591
A	4466.62141113257
A	3918.43175827921
A	3732.62761058735
A	5942.01393892869
A	4867.83051851847
A	5086.11381889691
A	6151.52344483133
A	6103.27850996672
A	5300.31210122213
A	5586.41922512137
A	4232.93686008058
A	2597.08058914433
A	5071.66136835302
A	4680.07085738775
A	4973.23252893136
A	4713.56124737954
A	4498.81188422364
A	4194.98461029442
A	5981.9197074085
A	3390.57608913949
A	5245.45028474555
A	3763.70778776131
A	5240.20225242405
A	3592.0220153656
A	4123.45868612436
A	5657.71466180457
A	5990.55483947203
A	3334.16151155489
A	5435.85231140066
A	4311.98611069093
A	5564.94275872045
A	4848.79278569047
A	3470.54075014219
A	5162.09335870698
A	4082.39555833099
A	3999.56286851745
A	5105.82272154865
A	4790.48616777809
A	3704.63635194979
A	5836.49720688113
A	4775.11789167917
A	5286.70792118945
A	4682.02110437527
A	4826.42536635545
A	4880.92224213242
A	4211.96225217801
A	5843.81387994809
A	4631.58641333928
A	4851.03537088424
A	3979.62244277696
A	5949.71393437393
A	4053.39057082777
A	4641.2255231639
A	4631.32080327838
A	5103.41237814637
A	5101.39425958963
A	5303.34100293171
A	5589.50575039747
A	4853.33554921833
A	4829.3789976144
A	4190.26916280205
A	4849.2181296026
A	4462.89993636889
A	4033.97118390898
A	4468.12324441097
A	3028.8735725379
A	4946.37421469423
A	3571.95014408494
A	4068.11853602203
A	6234.82635119061
A	3843.50508980871
A	4995.57563248468
A	5387.5499276713
A	4443.69204102847
A	4829.1306363848
A	5369.33288195075
A	4087.40232548266
A	3813.71382709728
A	5026.71408096286
A	5489.8557292579
A	4916.42381583995
A	4756.19843840172
A	5166.19241704609
A	4152.33454568481
A	4223.26989070002
A	5061.88172942117
A	3932.29115717637
A	5201.19630050971
A	4776.39434001383
A	6073.99779849573
A	4816.42920041636
A	5107.04984690421
A	5594.41500235884
A	5538.43524736612
A	3547.72063852078
A	3802.77117482071
A	5983.29953467122
A	4656.15288104537
A	4309.95078493024
A	5249.95877504796
A	4212.00170412806
A	5643.60475974584
A	4983.58133687002
A	5883.89073737156
A	4805.86083106019
A	4393.32342931154
A	4915.97974740941
A	4369.33738258015
A	4654.96457921974
A	4301.6459635397
A	4872.4895393289
A	5136.83254256068
A	4501.08800659062
A	3618.56146683945
A	5272.10178318745
A	3739.94699221669
A	4618.9347012643
A	4338.29098409481
A	3313.29990941788
A	4164.75826554472
A	4552.96436906071
A	4242.76225233217
A	5226.02549557642
A	4042.25029669525
A	3254.51457050849
A	3983.20950524298
A	5123.30548345395
A	4154.3502410474
A	5391.16624203442
A	4054.50161830756
A	4925.96013422483
A	4148.16978684122
A	5048.87470110935
A	5372.30264547307
A	5786.67536585478
A	4479.2200895143
A	5041.43651109508
A	4528.92244632488
A	3998.8913244273
A	4981.29913247513
A	5033.44770246524
A	4200.79557847469
A	5408.54510078491
A	4763.20676755469
A	6500.52769698457
A	3743.18245017448
A	4994.30282645747
A	2158.15460469228
A	5559.1345878608
A	4602.44161337457
A	3587.40524731893
A	5002.39224386156
A	3909.03031106422
A	5549.25657109642
A	6268.97914556689
A	3561.80585808067
A	4292.74772392127
A	5518.81399489318
A	4718.20472441173
A	3240.67169378466
A	4219.03366958198
A	3377.69990388473
A	4208.47351731194
A	4958.85441580116
A	5669.32686805287
A	4504.19478090658
A	3608.08505479755
A	4442.26357646841
A	4112.69026671493
A	4831.30363896992
A	3274.63150101829
A	5226.68333928966
A	4950.51994616722
A	5624.86636435414
A	5277.93440729409
A	4788.3525994616
A	4608.58723357967
A	4373.06294105775
A	4684.77208548669
A	5571.46189839368
A	6217.74508096193
A	4723.73219751572
A	5509.56163710355
A	3819.0423735233
A	4698.58343817781
A	3570.15048572247
A	4003.60423936639
A	5310.31303901015
A	4254.23865979193
A	4873.53230925146
A	5500.70370990896
A	3473.98652142596
A	3163.45726640914
A	4486.84751444529
A	5018.4573402371
A	4320.11434119234
A	4521.02975459071
A	4079.25290014234
A	6667.07471155337
A	4844.79097225572
A	4183.84019219914
A	5610.38475110634
A	5972.53941764118
A	5148.6963720594
A	6168.91199737016
A	5129.98634392976
A	5579.56019125266
A	5231.53167466863
A	5631.97873054419
A	3222.99188939572
A	4668.73580186736
A	5122.26374572999
A	4643.46414338505
A	6791.66109844343
A	5513.04652869952
A	6565.82532462826
A	5263.20761057891
A	5003.59651228725
A	4034.59270159079
A	4500.66672851601
A	5148.54841858542
A	5000.03704331795
A	4564.39841689121
A	6009.84581518607
A	5010.72987971795
A	3995.70944599447
A	5402.93204158967
A	3174.57194560864
A	4239.15649976013
A	4417.48318103863
A	5991.07763948821
A	4222.37526213361
A	5354.10322444237
A	5615.52664917062
A	6333.44990061659
A	4509.63056583019
A	5122.46628010747
A	5650.24354956575
A	6087.796552259
A	4312.77053308612
A	5287.48033516436
A	4263.88633200059
A	4639.15734285731
A	5257.35664223366
A	6268.01436090246
A	5620.23433758107
A	5869.57815073384
A	4557.01667226802
A	4789.71975437769
A	5076.95957342395
A	4748.69242085032
A	5059.41792405603
A	4257.08165334646
A	4751.36534880317
A	5869.95251575266
A	3636.06329043399
A	3285.40844715479
A	4811.43213345261
A	4250.55325441964
A	5558.32648026471
A	3899.8682446848
A	2888.78754886904
A	4468.72104576088
A	4866.45301214062
A	3604.04101819188
A	5818.21712899021
A	4714.22301745678
A	4956.35457824969
A	5740.48375587834
A	3938.78697481574
A	4383.64923751365
A	3796.93628365832
A	4281.11552215922
A	4484.08488613318
A	4147.00251025188
A	5040.98451972424
B	3512.86925602488
B	11504.1422048008
B	47.6335664104251
B	1765.70917489409
B	3030.33739709196
B	1467.57467303981
B	6915.23224213906
B	575.503464599476
B	9905.12395987786
B	5841.40748048076
B	501.194057962092
B	39374.5230046358
B	6951.24289980903
B	403.80418785622
B	17868.5790996521
B	7428.79488772989
B	2627.55484071353
B	3680.61386015942
B	1482.23412029275
B	2082.45199090823
B	3051.01308265389
B	671.645419537102
B	1040.20528866955
B	2785.15576250896
B	1573.27898820381
B	967.748287253991
B	7395.43068493797
B	1604.38340861643
B	1095.42737273986
B	4595.14974385937
B	8974.58719546846
B	965.098777405424
B	4407.00997068098
B	4982.62524738938
B	3908.75212860321
B	9449.81264672571
B	6384.1457320132
B	5668.70837363637
B	434.648665607135
B	32547.7229476236
B	5657.87740625399
B	722.819250882058
B	4617.63273574271
B	661.58523404255
B	7710.75983000022
B	4995.45007504786
B	5675.2223577954
B	24518.1901714088
B	3754.41370110145
B	677.981934148252
B	12590.2733708108
B	4750.50068311426
B	8453.96362785404
B	414.22554616554
B	1665.5309140662
B	4137.76797143933
B	5239.72148539202
B	1857.49646421196
B	22525.0443844804
B	3498.27788239748
B	1217.18829119254
B	17666.3032590854
B	1652.12965892309
B	7747.03309334738
B	8068.23385737958
B	66.3941098053495
B	6140.61383987946
B	739.035672655568
B	9909.07889607654
B	4638.46612925751
B	1142.66384053026
B	526.293293755023
B	9592.42795462885
B	5542.4918306451
B	1540.87447859049
B	8832.39647025041
B	11702.3265860236
B	167.079632316182
B	2241.25034237435
B	5621.66387125288
B	4270.00461863356
B	1350.16339217286
B	7901.4770130332
B	1922.47732183083
B	7662.15147176782
B	325.33109248139
B	895.214646617425
B	796.82505543015
B	600.242392355407
B	1698.04873415558
B	377.164144513055
B	139.407488689053
B	2891.39997029426
B	5128.87355865946
B	1195.42580890401
B	8236.85332822513
B	2554.46801651241
B	2446.51073239651
B	1244.59774752867
B	7318.19370889408
B	3984.88227376982
B	6602.40537180121
B	2758.8140181968
B	3896.07454315273
B	3989.50486634214
B	991.00865559133
B	1330.32953770829
B	791.266897157529
B	8722.18811990674
B	10460.4198138636
B	14691.5493360977
B	579.843317555487
B	700.657755170696
B	11391.4115760286
B	2016.39425165672
B	464.590585588117
B	1307.31417240305
B	7873.77100551174
B	2120.08898055891
B	5547.93481709051
B	1413.56975365743
B	16775.3789112857
B	1912.52784592613
B	13159.7171618104
B	4085.83448503029
B	4325.88829396365
B	846.620209257158
B	3530.27945546316
B	4767.45514799819
B	6033.43440347787
B	1992.23235651609
B	1766.95772547886
B	3810.81251285551
B	330.213649954105
B	7079.34071027051
B	33510.3003205595
B	18431.6854974586
B	1234.77332820331
B	774.319067278402
B	1010.17387298335
B	654.122540664217
B	364.583714115892
B	264.310057223572
B	465.593318816133
B	963.629678858599
B	8938.6144201171
B	847.128362770614
B	1717.58993263746
B	3047.1847958367
B	5419.40982815406
B	6624.32677714395
B	8111.7586662247
B	2260.64194470372
B	28669.0263269154
B	4878.45424885413
B	4940.04604955455
B	5542.98968476437
B	4532.55054466951
B	1163.44182264395
B	2517.44917894134
B	734.33331961486
B	313.10914020159
B	556.093634299354
B	12829.7288151503
B	3081.64426972444
B	2503.72556467978
B	2197.33261074251
B	3155.84492786844
B	4939.66057814619
B	1603.68797073438
B	3140.41416211851
B	445.616594749984
B	2464.00330746287
B	916.600395187122
B	556.179740233006
B	1899.88577759749
B	3451.28326865733
B	230.316173653042
B	2435.1628141638
B	5860.00467955148
B	2265.65380177775
B	984.717232779146
B	1190.17556988573
B	1046.84986474466
B	574.559528997113
B	1315.92403450988
B	2398.25803927454
B	2100.55354301671
B	724.415278039136
B	4556.29689548845
B	4910.35716630387
B	11140.5489893705
B	6736.98846736657
B	2253.56892511178
B	11916.7466981884
B	3394.84393663117
B	8799.60462432286
B	694.258503542647
B	303.779519519401
B	2463.3788062918
B	4900.61355781149
B	2775.81995465754
B	28205.887046487
B	1061.7316155511
B	445.013515468691
B	6873.12535348398
B	7261.9232336274
B	3544.96055652604
B	1581.47979640205
B	301.603421020346
B	3761.39515432024
B	2778.26420589846
B	6370.39141874407
B	8452.71198251053
B	2490.70755418383
B	5202.21950367192
B	4906.00106262852
B	2610.24802030836
B	4711.81820653553
B	871.696974038033
B	7180.71464689006
B	1198.53014011147
B	19262.1037132177
B	8268.76689628944
B	4049.08996682725
B	8582.13950222004
B	1248.41321727581
B	3615.53794451986
B	138.100139167235
B	1159.38015443428
B	5660.21601359807
B	3063.84708986547
B	3316.39146776407
B	1229.24646554072
B	68.9026984861758
B	18991.8497863005
B	26330.0686970065
B	343.764792934221
B	25343.7301980393
B	642.130315372298
B	3203.95790111549
B	6139.95533716446
B	5843.25054466397
B	2948.4666593707
B	3561.75611544595
B	779.394745191189
B	4743.34605821115
B	9058.08824547322
B	861.641161812162
B	3319.43796109461
B	8071.79995725527
B	8953.55622582784
B	21898.5764558083
B	284.05237696739
B	1447.30252308284
B	3518.73060812872
B	11678.5287895457
B	2633.90268031544
B	269.281657696077
B	1236.60139888878
B	1275.49009956515
B	6570.59626050023
B	106.311972287256
B	7049.50294402116
B	5751.41354065388
B	223.274560289286
B	13830.0724536364
B	2192.544549498
B	1202.45380541994
B	5410.80006202763
B	1297.8464112019
B	4283.23840670005
B	2848.07388884795
B	8439.82329713614
B	3024.26537238291
B	6880.32962660314
B	789.438384772547
B	1158.66852076841
B	2654.60355596693
B	442.319090353721
B	14119.2507071949
B	1121.27367345588
B	2798.84499936454
B	10279.0319464681
B	3228.74646505829
B	552.452872282533
B	3015.28411036515
B	445.943828658728
B	18342.1200339132
B	9497.56181256829
B	12270.4753068562
B	4274.02036161258
B	2395.84176286227
B	491.257848408654
B	5836.59988983463
B	19915.4833557712
B	2102.07506393678
B	566.4698655188
B	29491.8644946009
B	1171.8248746887
B	1743.79000108784
B	24357.6955099288
B	3163.59104713672
B	2671.67044322327
B	2278.18189728807
B	1413.39059065592
B	4508.28637808779
B	4752.85284797238
B	267.652803156536
B	1678.18632399837
B	588.307622042501
B	8181.6431775474
B	5838.40258504635
B	1146.86883857064
B	3438.78396974365
B	3887.70749404954
B	3433.52421115321
B	24553.14697756
B	893.111252397009
B	2207.04134539159
B	1459.94491241362
B	4379.74517922912
B	2321.96382792746
B	199.575777678002
B	1993.83038655513
B	1156.1775263715
B	2685.77877641778
B	1576.06803401649
B	15130.429121789
B	8995.61918259272
B	2164.26535968559
B	3420.39631907074
B	2037.79036314897
B	5055.66555241601
B	320.191044869243
B	539.844756292965
B	1251.79631749408
B	2743.00479241603
B	851.420845093148
B	708.521757334209
B	7996.07965595674
B	1468.00366636194
B	1935.2312188222
B	12187.3675297007
B	1045.93029013471
B	7486.38613757082
B	3879.68899633485
B	2717.45357118289
B	239.990480412715
B	260.865443001268
B	190.722065855311
B	1679.78654288404
B	3055.35124596371
B	2916.36083627088
B	6607.16779149217
B	14452.8991866378
B	15273.9918403901
B	9384.25746765084
B	30718.3843444683
B	11106.0158271845
B	1289.18899617717
B	7448.85791484639
B	947.853080160314
B	370.844461814278
B	1196.13671488803
B	5766.68423741547
B	3251.14600753254
B	7818.47992371791
B	7681.04855300984
B	6786.06372375666
B	5846.10187067364
B	2282.43653055861
B	7532.89799237069
B	7974.88008381372
B	24399.3136142725
B	383.695989091015
B	6828.01526658939
B	9840.36235233756
B	253.069066285381
B	1900.19482273105
B	729.081658331626
B	1651.05338407564
B	1513.88876884325
B	4262.46105884555
B	5197.26621180453
B	759.458852718635
B	1539.10705708831
B	498.738142645692
B	33475.9269869869
B	6954.19439370413
B	870.405690660588
B	991.149364758847
B	2966.35895038612
B	426.1691803833
B	28121.9457893242
B	551.130721508685
B	17837.2488300746
B	498.600270792043
B	601.135663450564
B	667.820582580649
B	2128.36184013401
B	1244.96392168245
B	5816.97410740424
B	773.067149850321
B	1274.29403989245
B	1328.60296234952
B	17981.1698455465
B	1258.52391660773
B	1145.16496047543
B	2293.83739813334
B	1235.24160936412
B	583.009460026399
B	2684.23501872378
B	3498.12984145745
B	513.404280785415
B	2413.09963467739
B	674.579805174581
B	3634.21419725742
B	4176.88763622261
B	640.542673475115
B	5195.6292471145
B	271.734803501988
B	743.502812448639
B	912.772955236354
B	3369.10667921715
B	29550.6271071618
B	10377.7439900393
B	2238.91986219593
B	13281.3251065001
B	4864.39918375001
B	2225.88648112176
B	7667.83791686664
B	11126.788014066
B	1771.08236785839
B	896.166740785941
B	24470.4040858845
B	1065.66845776329
B	1205.31509113607
B	570.502799519801
B	1241.43925877877
B	7165.54888129527
B	3807.673811093
B	1005.11246198972
B	429.929806569448
B	7335.23288443868
B	3591.31115912791
B	3716.52088938338
B	134.454622967772
B	5346.50742987885
B	9689.13747276549
B	2990.51929381269
B	2756.11221194374
B	1654.91740076448
B	11828.0337939949
B	4959.99735625118
B	1427.60641664642
B	1002.20794367315
B	3824.95692817061
B	23005.6882390858
B	7647.09998896598
B	1355.12693421968
B	2380.53784663985
B	1311.22923266549
B	1059.39468787403
B	345.599527051697
B	4621.97863730847
B	3796.21107520552
B	6169.92119372384
B	1592.74523598341
B	682.092042543097
B	518.048981402978
B	10514.2918911749
B	2926.54270541817
B	43213.5046213948
B	673.593340008628
B	11428.014777095
B	585.275061076176
B	142.289585557216
B	5399.62093223553
B	9717.55496981524
B	9114.68300615965
B	1099.22965688472
B	5216.03506614823
B	396.526380854098
B	14896.2550743873
B	173.403477311573
B	7542.2036326922
B	1940.61644307452
B	2316.39199863083
B	44705.9630049892
B	6833.82767568258
B	10189.9073578137
B	347.714525446116
B	3431.75584067857
B	4794.68835701776
B	28424.9793821137
B	63.1569536460674
B	906.671631704258
B	687.763137451426
B	1596.0278100988
B	2301.34103538815
B	5114.4533368814
B	3602.84834759756
B	2667.36906253459
B	4789.96321678682
B	6140.13881741171
B	4375.18256794585
B	342.132311589939
B	802.788517669836
B	5257.69843243141
B	4909.25581702557
B	1452.12541808534
B	2624.33035696999
B	424.823855768364
B	11864.4818646074
B	4115.83901232948
B	15571.2402166143
B	572.891907367436
B	2317.2662231979
B	6155.06991482466
B	548.997995514366
B	9217.94603579869
B	1056.27468771493
B	4780.33044706341
B	4751.5609378625
B	660.65213389646
B	4885.99601840862
B	2065.47023494553
B	4325.82264057811
B	1332.99532840044
B	19884.5976729344
B	26770.9195744964
B	1227.71382676488
B	6047.48777141342
B	1819.28243859876
B	2226.19810517832
B	2874.03987941377
B	3843.24086152049
B	2176.96169459297
B	1460.05170901011
B	2779.04256250825
B	12368.9985506234
B	1932.65749015228
B	635.100762995927
B	5929.02228474766
B	183.803327918599
B	4927.7630025891
B	6096.00425699724
B	16300.2071123581
B	10016.4808512523
B	725.749417698851
B	1490.03297955664
B	1323.01655897181
B	2694.24856743733
B	9692.86519524767
B	6276.12184693656
B	4669.01666998521
B	610.755792202235
B	1072.3576765229
B	1240.32252800996
B	1693.40303150963
B	2866.34824967921
B	362.968776661644
B	27917.6490708778
B	4978.7592903328
B	10701.8299180157
B	1194.77652980553
B	2465.34877176259
B	17817.1902589708
B	2456.35931388573
B	1209.03847854436
B	9064.01685917864
B	6422.77865294661
B	1104.11565171066
B	2322.41210510126
B	11080.5016020818
B	83536.8892392833
B	9069.24796618352
B	9477.72837954518
B	3487.3823494603
B	1416.63069270738
B	557.102299121635
B	2481.35583443418
B	2324.87092001662
B	676.938570887069
B	1129.18735153181
B	1694.6573187933
B	2964.22743522664
B	4886.62781023028
B	2948.88898628089
B	5150.49332432389
B	5612.89037980327
B	8319.23660996857
B	1863.94042092152
B	18282.6827387989
B	480.935684854932
B	10352.3356884415
B	558.960849479882
B	1929.05301166015
B	1204.72048184085
B	2350.50996322048
B	2063.02573605195
B	3206.49771318661
B	1685.56665216787
B	276.484865892449
B	2252.71330644626
B	13061.2314188177
B	8003.59392547296
B	10101.384891519
B	8126.26766520452
B	1940.17154488314
B	737.111724728987
B	1357.49412963926
B	2963.82766491111
B	2394.05928427034
B	20903.718790268
B	16197.2060143275
B	2474.3867925079
B	313.16531345134
B	4891.61485015169
B	2474.8268736763
B	2329.47839385296
B	2218.44538302547
B	361.804854673431
B	4277.28859612714
B	19368.8114666877
B	414.779344116738
B	6376.74844031949
B	1586.56823748227
B	431.892038904701
B	7490.44734956572
B	399.116380038841
B	2406.69053826411
B	1509.84710176904
B	928.77590866454
B	3363.27387339471
B	28384.4877231413
B	25186.2288088408
B	110.849206982633
B	669.411610346854
B	49596.4050791127
B	539.245799256979
B	6974.90562423832
B	1644.82503378007
B	2369.7139777115
B	1922.54117448138
B	28421.8363193757
B	4857.776763817
B	4470.84432922151
B	3292.94876514195
B	1679.23963320581
B	472.54788012576
B	3578.75178945916
B	6691.08066231768
B	349.339345064989
B	22007.7944851575
B	8650.32299716694
B	2132.39876295805
B	17625.4845545875
B	6605.09671288444
B	457.410933276551
B	3736.50241459848
B	2195.61551235941
B	692.361375057811
B	5452.11993953931
B	18881.2177743324
B	15992.2830234234
B	7626.84664775377
B	3082.56091976413
B	1745.5133399529
B	9601.77684684457
B	10948.019128634
B	390.484649954782
B	46571.0203769416
B	2529.38245641468
B	17932.6852392818
B	15585.5207383195
B	492.311442208163
B	3744.88758840372
B	4362.43305392229
B	1376.32004862358
B	1040.54748033423
B	21423.5055384274
B	2049.10067835423
B	3697.78951860694
B	4016.95690614475
B	224.763683377145
B	415.982529886538
B	2729.43951713262
B	366.059393270989
B	14760.7003821219
B	3708.13627685114
B	905.152139511849
B	2137.97255441032
B	63146.9073584463
B	2863.12654932483
B	1275.08544305291
B	16209.6799002594
B	1079.38125215223
B	4231.38814976246
B	5124.17764823301
B	2853.29826663472
B	173.50907405284
B	839.224028215077
B	476.96254070166
B	909.959460555872
B	880.584285443455
B	11976.3996544415
B	2346.12461295915
B	530.768067631765
B	1367.70833525592
B	488.574242823139
B	1834.60861289154
B	1801.40869950577
B	2760.51267580484
B	2627.06560288382
B	462.479895231085
B	5880.03222632127
B	7546.83994730045
B	4612.63280136561
B	3054.23587893282
B	4370.27277311212
B	690.240920465093
B	1158.90729618774
B	2563.70833393856
B	7904.75020066492
B	1059.6889886428
B	1710.42855393729
B	2652.67122536056
B	2038.74264961635
B	6549.1774405976
B	1509.14368172219
B	5867.26320523764
B	4439.25893617779
B	4032.41647086607
B	11093.5082415681
B	8536.57493178926
B	36298.0664694435
B	1832.370752143
B	6464.71172219587
B	3791.22758057856
B	2312.91714473608
B	991.399160681342
B	1291.2024012082
B	4546.56154097811
B	3615.84053983318
B	12935.3645674364
B	1849.92044157433
B	1501.13228617223
B	2329.04091281675
B	3981.90328393864
B	1955.54533954577
B	1002.74011454351
B	4049.97259255184
B	1893.69610171876
B	1694.17926881349
B	10436.2894130155
B	940.946491600504
B	18809.1218243092
B	6506.16964994808
B	1290.88063792625
B	1698.2787907516
B	653.515338539996
B	1217.43974067734
B	1396.95822687645
B	13624.7039063541
B	9414.27131972825
B	1058.15880718186
B	683.190234396958
B	1583.51633561403
B	894.6048517646
B	2588.75282499748
B	3027.34752570345
B	4534.5434167227
B	6793.43901044036
B	815.18690403996
B	2328.64354381702
B	365.426493890987
B	4197.62162307197
B	5605.01340107924
B	8855.06542721216
B	11511.6776190968
B	5940.55480851781
B	1187.96000203691
B	240.724996717228
B	9951.34152273596
B	1750.22305151477
B	2414.0963219558
B	79.211260937734
B	3121.05409322785
B	1929.45621555507
B	36919.9523081558
B	2197.90905975609
B	4059.75022165923
B	4019.98016896627
B	1399.18218667219
B	16634.6126729379
B	1928.76430174005
B	1096.60412927624
B	7090.98983329767
B	280.511051567977
B	7202.76976209659
B	2623.92931349967
B	2108.25232204524
B	6441.33041611591
B	1951.05834330581
B	3291.01960690346
B	2802.67357914816
B	1272.46667324991
B	12482.2835265082
B	2645.75027664243
B	4617.63711267959
B	13751.6268359179
B	1028.97538645922
B	390.500148505582
B	2205.92150633262
B	1515.36930907925
B	1251.17084610044
B	913.234388203818
B	183.70520846055
B	1166.06038001868
B	1048.27988714998
B	438.146381525052
B	2038.55983928845
B	5217.18845009785
B	8047.78079681046
B	5523.43964880172
B	1646.31965608959
B	6221.7538812124
B	2324.47071618385
B	18335.5233118469
B	16776.1233972009
B	2180.20807000544
B	945.393401723566
B	1106.74953414892
B	615.921723000809
B	1456.77503604274
B	13988.0293303436
B	5471.16161735109
B	750.846709063178
B	1134.98524865781
B	283.041191030824
B	4094.70542108203
B	612.868534416101
B	3905.86871052575
B	2197.12560490748
B	5714.69377424868
B	190.335590111711
B	11549.961633744
B	1979.06713737081
B	578.504228604908
B	986.499424598986
B	3918.43383210274
B	464.197405862027
B	2790.35292241321
B	2033.27669362724
B	215.59209204789
B	815.51264748508
B	2205.68458692344
B	3049.10914640658
B	11885.1383820672
B	7218.86579157162
B	28071.6638693131
B	4610.53025045475
B	12351.0302107573
B	1451.20460230955
B	4661.53412616344
B	914.319574020111
B	1204.51414947176
B	15726.185932916
B	4914.86035861011
B	5345.19722618513
B	2431.02689995225
B	2090.80438284161
B	464.267826390746
B	3463.75620322173
B	4092.45517313414
B	3801.15907324881
B	9848.05475047206
B	1124.26321806575
B	12030.3170855385
B	8212.1429076574
B	751.726008445243
B	368.954369858693
B	4411.74138487484
B	10284.1688318174
B	847.403570247704
B	623.727843404973
B	2068.48698801016
B	5325.37312965265
B	12431.9863787824
B	7997.922529761
B	5908.68781534987
B	10154.9769940297
B	5051.28147184115
B	1485.83314949673
B	452.783553254264
B	1038.48987159798
B	2567.36222010476
B	4956.23788873724
B	2437.96455913508
B	26738.063463903
B	14607.9140562466
B	6359.97207126723
B	14954.4611286332
B	10140.4629929284
B	1012.06382481494
B	765.408292555076
B	2277.78311994946
B	6855.96176210132
B	2872.8037519664
B	10040.6723183538
B	295.523030259388
B	5256.17341398166
B	893.120653820449
B	3623.49397381974
B	3490.83613581664
B	2347.39559978021
B	2386.95866957502
B	26724.5227495386
B	3063.83440534109
B	3486.42836159099
B	506.745151515162
B	2509.05554036753
B	1645.04443794564
B	1253.44528890003
B	2652.83376386096
B	168.668281456126
B	1000.71379724662
B	14692.3102620116
B	699.333830695035
B	3345.41218175177
B	1130.8262908949
B	584.598485665357
B	52970.7092976391
B	3014.15581279337
B	880.920861475747
B	8967.78013526882
B	1088.818394692
B	2970.31880116986
B	83782.2049812062
B	867.12024294128
B	18177.4220663454
B	2286.57573149404
B	966.740620197243
B	5951.3429416535
B	2141.00558672339
B	7867.61740202723
B	5741.42047137963
B	1656.1142852197
B	1170.61819387812
B	3845.75479585605
B	25727.4383005939
B	2121.66412150638
B	4934.57975782995
B	1305.85563944092
B	4050.96782861238
B	783.380763249045
B	1707.99997676715
B	884.377037100205
B	889.09674839424
B	40.4053448724669
B	2545.10410798362
B	5080.93165190511
B	15515.440364729
B	10368.9726050729
B	3476.57869672658
B	1304.07438519407
B	1604.34304477889
B	477.64782630941
B	2559.98186418479
B	2740.06478850227
B	359.273748506953
B	1004.31342577624
B	1251.62559931323
B	3670.49152742275
B	69320.9597323208
B	1569.59031102424
B	5694.43539009649
B	1863.77684007204
B	4927.92303912059
B	6773.28908885765
B	8789.28711580704
B	3351.50667627414
B	706.012339748914
B	2310.59853533009
B	3875.5381910555
B	6633.93783745115
B	1387.70091276888
B	2669.42051795224
B	3878.55054335328
B	2842.06469978743
B	480.840239498408
B	689.091590382131
B	670.983082518949
B	4871.55099221291
B	8424.66373883789
B	3029.88618845577
B	1816.79698932279
B	2182.02767916489
